{
    "geometry": {
        "vertices": [
            [
                -17.63848304748535,
                63.76211166381836,
                22.396820068359375
            ],
            [
                -17.63848304748535,
                49.41080093383789,
                0
            ],
            [
                13.629737854003906,
                78.1134262084961,
                16.79761505126953
            ],
            [
                4.489795684814453,
                71.85977935791016,
                0
            ],
            [
                -17.63848304748535,
                71.85977935791016,
                19.237491607666016
            ],
            [
                13.629737854003906,
                49.41080093383789,
                16.79761505126953
            ],
            [
                4.489795684814453,
                78.1134262084961,
                0
            ],
            [
                -17.63848304748535,
                71.85977935791016,
                0
            ],
            [
                4.489795684814453,
                71.85977935791016,
                19.237491607666016
            ],
            [
                -17.63848304748535,
                49.41080093383789,
                16.79761505126953
            ],
            [
                13.629737854003906,
                78.1134262084961,
                0
            ],
            [
                13.629737854003906,
                63.76211166381836,
                22.396820068359375
            ],
            [
                13.629737854003906,
                49.41080093383789,
                0
            ],
            [
                4.489795684814453,
                78.1134262084961,
                16.79761505126953
            ]
        ],
        "faceCollections": [
            {
                "collectionType": "main",
                "centroid": [
                    -6.574343681335449,
                    71.85977935791016,
                    9.618745803833008
                ],
                "faces": [
                    [
                        [
                            8,
                            0
                        ],
                        [
                            3,
                            1
                        ],
                        [
                            7,
                            2
                        ],
                        [
                            4,
                            3
                        ]
                    ]
                ],
                "texture": null,
                "textureVs": []
            },
            {
                "collectionType": "main",
                "centroid": [
                    -2.0043725967407227,
                    49.41080093383789,
                    8.398807525634766
                ],
                "faces": [
                    [
                        [
                            9,
                            0
                        ],
                        [
                            1,
                            1
                        ],
                        [
                            12,
                            2
                        ],
                        [
                            5,
                            3
                        ]
                    ]
                ],
                "texture": "this_image.png",
                "textureVs": [
                    [
                        0.4401015740046221,
                        0.38190646449727417
                    ],
                    [
                        0.6307213202981319,
                        0.3309176530613216
                    ],
                    [
                        0.909594607735013,
                        0.5882905729524518
                    ],
                    [
                        0.6677794172151467,
                        0.6892638629403268
                    ]
                ]
            },
            {
                "collectionType": "main",
                "centroid": [
                    13.629737854003906,
                    63.76211318969727,
                    11.198410034179688
                ],
                "faces": [
                    [
                        [
                            5,
                            0
                        ],
                        [
                            12,
                            1
                        ],
                        [
                            10,
                            2
                        ],
                        [
                            2,
                            3
                        ]
                    ],
                    [
                        [
                            11,
                            4
                        ],
                        [
                            5,
                            0
                        ],
                        [
                            2,
                            3
                        ]
                    ]
                ],
                "texture": "this_image.png",
                "textureVs": [
                    [
                        0.6677794172151467,
                        0.6892638629403268
                    ],
                    [
                        0.909594607735013,
                        0.5882905729524518
                    ],
                    [
                        0.7724758726236686,
                        0.7288873972050909
                    ],
                    [
                        0.6076720344586745,
                        0.8035502913190078
                    ],
                    [
                        0.558139494845904,
                        0.7909633968813429
                    ],
                    [
                        0.6677794172151467,
                        0.6892638629403268
                    ],
                    [
                        0.6076720344586745,
                        0.8035502913190078
                    ]
                ]
            },
            {
                "collectionType": "main",
                "centroid": [
                    4.489795684814453,
                    74.98660278320312,
                    9.008776664733887
                ],
                "faces": [
                    [
                        [
                            13,
                            0
                        ],
                        [
                            6,
                            1
                        ],
                        [
                            3,
                            2
                        ],
                        [
                            8,
                            3
                        ]
                    ]
                ],
                "texture": null,
                "textureVs": []
            },
            {
                "collectionType": "main",
                "centroid": [
                    -17.63848304748535,
                    61.26065444946289,
                    11.686385345458984
                ],